"id","name","code","user_type_id/id","chart_template_id/id","tag_ids/id","reconcile"
"pcg_100001","Transfert de liquidités","100001","account.data_account_type_current_assets","l10n_tn.l10n_tn_pcg_chart_template",,"True"
"pcg_101100","Capital souscrit - non appelé","101100","account.data_account_type_equity","l10n_tn.l10n_tn_pcg_chart_template",,"False"
"pcg_101200","Capital souscrit - appelé non versé","101200","account.data_account_type_equity","l10n_tn.l10n_tn_pcg_chart_template",,"False"
"pcg_101310","Capital non amorti","101310","account.data_account_type_equity","l10n_tn.l10n_tn_pcg_chart_template",,"False"
"pcg_101320","Capital amorti","101320","account.data_account_type_equity","l10n_tn.l10n_tn_pcg_chart_template",,"False"
"pcg_101800","Capital souscrit soumis à des réglementations particulières","101800","account.data_account_type_equity","l10n_tn.l10n_tn_pcg_chart_template",,"False"
"pcg_105000","Fonds de dotation","105000","account.data_account_type_equity","l10n_tn.l10n_tn_pcg_chart_template",,"False"
"pcg_108000","Compte de l'exploitant","108000","account.data_account_type_equity","l10n_tn.l10n_tn_pcg_chart_template",,"False"
"pcg_109000","Actionnaires: capital souscrit - non appelé","109000","account.data_account_type_equity","l10n_tn.l10n_tn_pcg_chart_template",,"False"
"pcg_111000","Réserve légale","111000","account.data_account_type_equity","l10n_tn.l10n_tn_pcg_chart_template",,"False"
"pcg_112000","Réserves statutaires","112000","account.data_account_type_equity","l10n_tn.l10n_tn_pcg_chart_template",,"False"
"pcg_117100","Primes d'émission liées au capital","117100","account.data_account_type_equity","l10n_tn.l10n_tn_pcg_chart_template",,"False"
"pcg_117200","Primes de fusion liées au capital","117200","account.data_account_type_equity","l10n_tn.l10n_tn_pcg_chart_template",,"False"
"pcg_117300","Primes d'apport liées au capital","117300","account.data_account_type_equity","l10n_tn.l10n_tn_pcg_chart_template",,"False"
"pcg_117400","Primes de conversion d'obligation liées au capital","117400","account.data_account_type_equity","l10n_tn.l10n_tn_pcg_chart_template",,"False"
"pcg_117800","Autres compléments d'apport liées au capital","117800","account.data_account_type_equity","l10n_tn.l10n_tn_pcg_chart_template",,"False"
"pcg_118100","Réserves pour fonds social","118100","account.data_account_type_equity","l10n_tn.l10n_tn_pcg_chart_template",,"False"
"pcg_119000","Avoirs des actionnaires","119000","account.data_account_type_equity","l10n_tn.l10n_tn_pcg_chart_template",,"False"
"pcg_121000","Résultats reportés","121000","account.data_account_type_equity","l10n_tn.l10n_tn_pcg_chart_template",,"False"
"pcg_128000","Modifications comptables affectant les résultats reportés","128000","account.data_account_type_equity","l10n_tn.l10n_tn_pcg_chart_template",,"False"
"pcg_131000","Résultat bénéficiaire","131000","account.data_account_type_equity","l10n_tn.l10n_tn_pcg_chart_template",,"False"
"pcg_135000","Résultat déficitaire","135000","account.data_account_type_equity","l10n_tn.l10n_tn_pcg_chart_template",,"False"
"pcg_141000","Titres soumis à des réglementations particulières","141000","account.data_account_type_equity","l10n_tn.l10n_tn_pcg_chart_template",,"False"
"pcg_142100","Réserves indisponibles","142100","account.data_account_type_equity","l10n_tn.l10n_tn_pcg_chart_template",,"False"
"pcg_143000","Amortissements dérogatoires","143000","account.data_account_type_equity","l10n_tn.l10n_tn_pcg_chart_template",,"False"
"pcg_144000","Réserve spéciale de réévaluation","144000","account.data_account_type_equity","l10n_tn.l10n_tn_pcg_chart_template",,"False"
"pcg_145100","Subventions d'investissement","145100","account.data_account_type_equity","l10n_tn.l10n_tn_pcg_chart_template",,"False"
"pcg_145800","Autres subventions d'investissement","145800","account.data_account_type_equity","l10n_tn.l10n_tn_pcg_chart_template",,"False"
"pcg_145900","Subventions d'investissement inscrites aux comptes de résultat","145900","account.data_account_type_equity","l10n_tn.l10n_tn_pcg_chart_template",,"False"
"pcg_147000","Compte du concédant","147000","account.data_account_type_equity","l10n_tn.l10n_tn_pcg_chart_template",,"False"
"pcg_151100","Provisions pour litiges","151100","account.data_account_type_equity","l10n_tn.l10n_tn_pcg_chart_template",,"False"
"pcg_151200","Provisions pour garanties données aux clients","151200","account.data_account_type_equity","l10n_tn.l10n_tn_pcg_chart_template",,"False"
"pcg_151300","Provisions pour pertes sur marchés à achèvement futur","151300","account.data_account_type_equity","l10n_tn.l10n_tn_pcg_chart_template",,"False"
"pcg_151400","Provisions pour amendes et pénalités","151400","account.data_account_type_equity","l10n_tn.l10n_tn_pcg_chart_template",,"False"
"pcg_151500","Provisions pour pertes de change","151500","account.data_account_type_equity","l10n_tn.l10n_tn_pcg_chart_template",,"False"
"pcg_151800","Autres provisions pour risques","151800","account.data_account_type_equity","l10n_tn.l10n_tn_pcg_chart_template",,"False"
"pcg_152200","Provisions pour grosses réparations","152200","account.data_account_type_equity","l10n_tn.l10n_tn_pcg_chart_template",,"False"
"pcg_153000","Provisions pour retraites et obligations similaires","153000","account.data_account_type_equity","l10n_tn.l10n_tn_pcg_chart_template",,"False"
"pcg_154000","Provisions d'origine réglementaire","154000","account.data_account_type_equity","l10n_tn.l10n_tn_pcg_chart_template",,"False"
"pcg_155000","Provisions pour impôts","155000","account.data_account_type_equity","l10n_tn.l10n_tn_pcg_chart_template",,"False"
"pcg_156000","Provisions pour renouvellement des immobilisations","156000","account.data_account_type_equity","l10n_tn.l10n_tn_pcg_chart_template",,"False"
"pcg_157000","Provisions pour amortissement","157000","account.data_account_type_equity","l10n_tn.l10n_tn_pcg_chart_template",,"False"
"pcg_158000","Autres provisions pour charges","158000","account.data_account_type_equity","l10n_tn.l10n_tn_pcg_chart_template",,"False"
"pcg_161100","Emprunts obligataires convertibles en actions","161100","account.data_account_type_equity","l10n_tn.l10n_tn_pcg_chart_template",,"False"
"pcg_161800","Autres emprunts obligataires","161800","account.data_account_type_equity","l10n_tn.l10n_tn_pcg_chart_template",,"False"
"pcg_162100","Emprunts bancaires","162100","account.data_account_type_equity","l10n_tn.l10n_tn_pcg_chart_template",,"False"
"pcg_162600","Refinancements acquis","162600","account.data_account_type_equity","l10n_tn.l10n_tn_pcg_chart_template",,"False"
"pcg_163000","Emprunts auprès d'autres établissements financiers (assorties de sûretés)","163000","account.data_account_type_equity","l10n_tn.l10n_tn_pcg_chart_template",,"False"
"pcg_164100","Avances bloquées pour augmentation du capital","164100","account.data_account_type_equity","l10n_tn.l10n_tn_pcg_chart_template",,"False"
"pcg_164200","Avances reçues et comptes courants des associés bloqués","164200","account.data_account_type_equity","l10n_tn.l10n_tn_pcg_chart_template",,"False"
"pcg_164400","Avances conditionnées de l'Etat et organismes internationaux","164400","account.data_account_type_equity","l10n_tn.l10n_tn_pcg_chart_template",,"False"
"pcg_165000","Emprunts non assorties de sûretés (à subdiviser selon l'ordre des comptes des emprunts)","165000","account.data_account_type_equity","l10n_tn.l10n_tn_pcg_chart_template",,"False"
"pcg_166100","Dettes rattachées à des participations (groupe)","166100","account.data_account_type_equity","l10n_tn.l10n_tn_pcg_chart_template",,"False"
"pcg_166200","Dettes rattachées à des participations (hors groupe)","166200","account.data_account_type_equity","l10n_tn.l10n_tn_pcg_chart_template",,"False"
"pcg_166300","Dettes rattachées à des sociétés en participation","166300","account.data_account_type_equity","l10n_tn.l10n_tn_pcg_chart_template",,"False"
"pcg_167000","Dépôts et cautionnements reçus","167000","account.data_account_type_equity","l10n_tn.l10n_tn_pcg_chart_template",,"False"
"pcg_168100","Autres emprunts","168100","account.data_account_type_equity","l10n_tn.l10n_tn_pcg_chart_template",,"False"
"pcg_168500","Crédit fournisseurs d'immobilisations","168500","account.data_account_type_equity","l10n_tn.l10n_tn_pcg_chart_template",,"False"
"pcg_168800","Autres dettes non courantes","168800","account.data_account_type_equity","l10n_tn.l10n_tn_pcg_chart_template",,"False"
"pcg_171000","Comptes des liaison des établissements","171000","account.data_account_type_equity","l10n_tn.l10n_tn_pcg_chart_template",,"False"
"pcg_176000","Biens et prestations de services échangés entre établissements (charges)","176000","account.data_account_type_equity","l10n_tn.l10n_tn_pcg_chart_template",,"False"
"pcg_177000","Biens et prestations de services échangés entre établissements (produits)","177000","account.data_account_type_equity","l10n_tn.l10n_tn_pcg_chart_template",,"False"
"pcg_185000","Écarts de conversion","185000","account.data_account_type_equity","l10n_tn.l10n_tn_pcg_chart_template",,"False"
"pcg_188000","Autres","188000","account.data_account_type_equity","l10n_tn.l10n_tn_pcg_chart_template",,"False"
"pcg_211000","Investissements de recherche et de développement","211000","account.data_account_type_fixed_assets","l10n_tn.l10n_tn_pcg_chart_template",,"False"
"pcg_212000","Concessions de marques, brevets, licences, marques, procédés et valeurs similaires","212000","account.data_account_type_fixed_assets","l10n_tn.l10n_tn_pcg_chart_template",,"False"
"pcg_213000","Logiciels","213000","account.data_account_type_fixed_assets","l10n_tn.l10n_tn_pcg_chart_template",,"False"
"pcg_214000","Fonds commercial","214000","account.data_account_type_fixed_assets","l10n_tn.l10n_tn_pcg_chart_template",,"False"
"pcg_216000","Droit au bail","216000","account.data_account_type_fixed_assets","l10n_tn.l10n_tn_pcg_chart_template",,"False"
"pcg_218000","Autres immobilisations incorporelles","218000","account.data_account_type_fixed_assets","l10n_tn.l10n_tn_pcg_chart_template",,"False"
"pcg_221300","Terrains nus","221300","account.data_account_type_fixed_assets","l10n_tn.l10n_tn_pcg_chart_template",,"False"
"pcg_221400","Terrains aménagés","221400","account.data_account_type_fixed_assets","l10n_tn.l10n_tn_pcg_chart_template",,"False"
"pcg_221500","Terrains bâtis","221500","account.data_account_type_fixed_assets","l10n_tn.l10n_tn_pcg_chart_template",,"False"
"pcg_221600","Agencements et aménagements des terrains","221600","account.data_account_type_fixed_assets","l10n_tn.l10n_tn_pcg_chart_template",,"False"
"pcg_222100","Bâtiments","222100","account.data_account_type_fixed_assets","l10n_tn.l10n_tn_pcg_chart_template",,"False"
"pcg_222500","Installations générales, agencements et aménagements des constructions","222500","account.data_account_type_fixed_assets","l10n_tn.l10n_tn_pcg_chart_template",,"False"
"pcg_222600","Ouvrages d'infrastructure","222600","account.data_account_type_fixed_assets","l10n_tn.l10n_tn_pcg_chart_template",,"False"
"pcg_222700","Constructions sur sol d'autrui","222700","account.data_account_type_fixed_assets","l10n_tn.l10n_tn_pcg_chart_template",,"False"
"pcg_223100","Installations techniques","223100","account.data_account_type_fixed_assets","l10n_tn.l10n_tn_pcg_chart_template",,"False"
"pcg_223400","Matériel industriel","223400","account.data_account_type_fixed_assets","l10n_tn.l10n_tn_pcg_chart_template",,"False"
"pcg_223500","Outillage industriel","223500","account.data_account_type_fixed_assets","l10n_tn.l10n_tn_pcg_chart_template",,"False"
"pcg_223700","Agencements et aménagements du matériel et outillage industriels","223700","account.data_account_type_fixed_assets","l10n_tn.l10n_tn_pcg_chart_template",,"False"
"pcg_224100","Matériel de transport de biens","224100","account.data_account_type_fixed_assets","l10n_tn.l10n_tn_pcg_chart_template",,"False"
"pcg_224400","Matériel de transport de personnes","224400","account.data_account_type_fixed_assets","l10n_tn.l10n_tn_pcg_chart_template",,"False"
"pcg_228100","Installations générales, agencements et aménagements divers","228100","account.data_account_type_fixed_assets","l10n_tn.l10n_tn_pcg_chart_template",,"False"
"pcg_228200","Équipement de bureau","228200","account.data_account_type_fixed_assets","l10n_tn.l10n_tn_pcg_chart_template",,"False"
"pcg_228600","Emballages récupérables identifiables","228600","account.data_account_type_fixed_assets","l10n_tn.l10n_tn_pcg_chart_template",,"False"
"pcg_231000","Immobilisations incorporelles en cours","231000","account.data_account_type_fixed_assets","l10n_tn.l10n_tn_pcg_chart_template",,"False"
"pcg_232000","Immobilisations corporelles en cours","232000","account.data_account_type_fixed_assets","l10n_tn.l10n_tn_pcg_chart_template",,"False"
"pcg_237000","Avances et acomptes versés sur immobilisations incorporelles","237000","account.data_account_type_fixed_assets","l10n_tn.l10n_tn_pcg_chart_template",,"False"
"pcg_238000","Avances et acomptes versés sur commandes d'immobilisations corporelles","238000","account.data_account_type_fixed_assets","l10n_tn.l10n_tn_pcg_chart_template",,"False"
"pcg_240000","Immobilisations à statut juridique particulier","240000","account.data_account_type_fixed_assets","l10n_tn.l10n_tn_pcg_chart_template",,"False"
"pcg_251100","Actions","251100","account.data_account_type_fixed_assets","l10n_tn.l10n_tn_pcg_chart_template",,"False"
"pcg_251800","Autres titres","251800","account.data_account_type_fixed_assets","l10n_tn.l10n_tn_pcg_chart_template",,"False"
"pcg_256000","Autres formes de participation","256000","account.data_account_type_fixed_assets","l10n_tn.l10n_tn_pcg_chart_template",,"False"
"pcg_257100","Créances rattachées à des participations (groupe)","257100","account.data_account_type_fixed_assets","l10n_tn.l10n_tn_pcg_chart_template",,"False"
"pcg_257400","Créances rattachées à des participations (hors groupe)","257400","account.data_account_type_fixed_assets","l10n_tn.l10n_tn_pcg_chart_template",,"False"
"pcg_257500","Versements représentatifs d'apports non capitalisés (appel de fonds)","257500","account.data_account_type_fixed_assets","l10n_tn.l10n_tn_pcg_chart_template",,"False"
"pcg_257600","Avances consolidables","257600","account.data_account_type_fixed_assets","l10n_tn.l10n_tn_pcg_chart_template",,"False"
"pcg_257700","Autres créances rattachées à des participations","257700","account.data_account_type_fixed_assets","l10n_tn.l10n_tn_pcg_chart_template",,"False"
"pcg_258000","Créances rattachées à des sociétés en participation","258000","account.data_account_type_fixed_assets","l10n_tn.l10n_tn_pcg_chart_template",,"False"
"pcg_259000","Versements restant à effectuer sur titres de participation non libérés","259000","account.data_account_type_fixed_assets","l10n_tn.l10n_tn_pcg_chart_template",,"False"
"pcg_261100","Actions","261100","account.data_account_type_fixed_assets","l10n_tn.l10n_tn_pcg_chart_template",,"False"
"pcg_261800","Autres titres","261800","account.data_account_type_fixed_assets","l10n_tn.l10n_tn_pcg_chart_template",,"False"
"pcg_262100","Obligations","262100","account.data_account_type_fixed_assets","l10n_tn.l10n_tn_pcg_chart_template",,"False"
"pcg_262200","Bons","262200","account.data_account_type_fixed_assets","l10n_tn.l10n_tn_pcg_chart_template",,"False"
"pcg_264100","Prêts participatifs","264100","account.data_account_type_fixed_assets","l10n_tn.l10n_tn_pcg_chart_template",,"False"
"pcg_264200","Prêts aux associés","264200","account.data_account_type_fixed_assets","l10n_tn.l10n_tn_pcg_chart_template",,"False"
"pcg_264300","Prêts au personnel","264300","account.data_account_type_fixed_assets","l10n_tn.l10n_tn_pcg_chart_template",,"False"
"pcg_264500","Prêts assortis de sûretés (à subdiviser)","264500","account.data_account_type_fixed_assets","l10n_tn.l10n_tn_pcg_chart_template",,"False"
"pcg_264800","Autres prêts","264800","account.data_account_type_fixed_assets","l10n_tn.l10n_tn_pcg_chart_template",,"False"
"pcg_265000","Dépôts et cautionnements versés","265000","account.data_account_type_fixed_assets","l10n_tn.l10n_tn_pcg_chart_template",,"False"
"pcg_265100","Dépôts","265100","account.data_account_type_fixed_assets","l10n_tn.l10n_tn_pcg_chart_template",,"False"
"pcg_265500","Cautionnements","265500","account.data_account_type_fixed_assets","l10n_tn.l10n_tn_pcg_chart_template",,"False"
"pcg_265600","Dépôts bancaires non courants","265600","account.data_account_type_fixed_assets","l10n_tn.l10n_tn_pcg_chart_template",,"False"
"pcg_265800","Autres","265800","account.data_account_type_fixed_assets","l10n_tn.l10n_tn_pcg_chart_template",,"False"
"pcg_266100","Créances immobilisées","266100","account.data_account_type_fixed_assets","l10n_tn.l10n_tn_pcg_chart_template",,"False"
"pcg_266700","Créances diverses","266700","account.data_account_type_fixed_assets","l10n_tn.l10n_tn_pcg_chart_template",,"False"
"pcg_266800","Autres créances non courantes","266800","account.data_account_type_fixed_assets","l10n_tn.l10n_tn_pcg_chart_template",,"False"
"pcg_269000","Versements restant à effectuer sur titres de participation non libérés","269000","account.data_account_type_fixed_assets","l10n_tn.l10n_tn_pcg_chart_template",,"False"
"pcg_271000","Frais préliminaires","271000","account.data_account_type_non_current_assets","l10n_tn.l10n_tn_pcg_chart_template",,"False"
"pcg_272000","Charges à répartir","272000","account.data_account_type_non_current_assets","l10n_tn.l10n_tn_pcg_chart_template",,"False"
"pcg_273000","Frais d'émission et primes de remboursement des emprunts","273000","account.data_account_type_non_current_assets","l10n_tn.l10n_tn_pcg_chart_template",,"False"
"pcg_275000","Écarts de conversion","275000","account.data_account_type_non_current_assets","l10n_tn.l10n_tn_pcg_chart_template",,"False"
"pcg_278000","Autres","278000","account.data_account_type_non_current_assets","l10n_tn.l10n_tn_pcg_chart_template",,"False"
"pcg_281000","Amortissements des immobilisations incorporelles (même ventilation que celle du compte 21)","281000","account.data_account_type_fixed_assets","l10n_tn.l10n_tn_pcg_chart_template",,"False"
"pcg_282000","Amortissements des immobilisations corporelles (même ventilation que celle du compte 22)","282000","account.data_account_type_fixed_assets","l10n_tn.l10n_tn_pcg_chart_template",,"False"
"pcg_284000","Amortissements des immobilisations à statut juridique particulier","284000","account.data_account_type_fixed_assets","l10n_tn.l10n_tn_pcg_chart_template",,"False"
"pcg_291000","Provisions pour dépréciation des immobilisations incorporelles (même ventilation que celle du compte 21)","291000","account.data_account_type_fixed_assets","l10n_tn.l10n_tn_pcg_chart_template",,"False"
"pcg_292000","Provisions pour dépréciation des immobilisations corporelles (même ventilation que celle du compte 22)","292000","account.data_account_type_fixed_assets","l10n_tn.l10n_tn_pcg_chart_template",,"False"
"pcg_293000","Provisions pour dépréciation des immobilisations en cours (même ventilation que celle du compte 23)","293000","account.data_account_type_fixed_assets","l10n_tn.l10n_tn_pcg_chart_template",,"False"
"pcg_294000","Provisions pour dépréciation des immobilisations à statut juridique particulier","294000","account.data_account_type_fixed_assets","l10n_tn.l10n_tn_pcg_chart_template",,"False"
"pcg_295000","Provisions pour dépréciation des participations et des créances liées à des participations (même ventilation que celle du compte 25)","295000","account.data_account_type_fixed_assets","l10n_tn.l10n_tn_pcg_chart_template",,"False"
"pcg_296000","Provisions pour dépréciation des autres immobilisations financières (même ventilation que celle du compte 26)","296000","account.data_account_type_fixed_assets","l10n_tn.l10n_tn_pcg_chart_template",,"False"
"pcg_311000","Matières premières","311000","account.data_account_type_current_assets","l10n_tn.l10n_tn_pcg_chart_template",,"False"
"pcg_313000","Fournitures","313000","account.data_account_type_current_assets","l10n_tn.l10n_tn_pcg_chart_template",,"False"
"pcg_317000","Autres","317000","account.data_account_type_current_assets","l10n_tn.l10n_tn_pcg_chart_template",,"False"
"pcg_321000","Matières consommables","321000","account.data_account_type_current_assets","l10n_tn.l10n_tn_pcg_chart_template",,"False"
"pcg_322000","Fournitures consommables","322000","account.data_account_type_current_assets","l10n_tn.l10n_tn_pcg_chart_template",,"False"
"pcg_326000","Emballages","326000","account.data_account_type_current_assets","l10n_tn.l10n_tn_pcg_chart_template",,"False"
"pcg_327000","Autres","327000","account.data_account_type_current_assets","l10n_tn.l10n_tn_pcg_chart_template",,"False"
"pcg_331000","Produits en cours","331000","account.data_account_type_current_assets","l10n_tn.l10n_tn_pcg_chart_template",,"False"
"pcg_335000","Travaux en cours","335000","account.data_account_type_current_assets","l10n_tn.l10n_tn_pcg_chart_template",,"False"
"pcg_341000","Études en cours","341000","account.data_account_type_current_assets","l10n_tn.l10n_tn_pcg_chart_template",,"False"
"pcg_345000","Prestations de services en cours","345000","account.data_account_type_current_assets","l10n_tn.l10n_tn_pcg_chart_template",,"False"
"pcg_351000","Produits intermédiaires","351000","account.data_account_type_current_assets","l10n_tn.l10n_tn_pcg_chart_template",,"False"
"pcg_355000","Produits finis","355000","account.data_account_type_current_assets","l10n_tn.l10n_tn_pcg_chart_template",,"False"
"pcg_357000","Produits résiduels","357000","account.data_account_type_current_assets","l10n_tn.l10n_tn_pcg_chart_template",,"False"
"pcg_370000","Stocks de marchandises","370000","account.data_account_type_current_assets","l10n_tn.l10n_tn_pcg_chart_template",,"False"
"pcg_390000","Provisions pour dépréciation des stocks (à ventiler selon la nomenclature","390000","account.data_account_type_depreciation","l10n_tn.l10n_tn_pcg_chart_template",,"False"
"pcg_401100","Fournisseurs - Achats de biens et prestations de services","401100","account.data_account_type_payable","l10n_tn.l10n_tn_pcg_chart_template",,"True"
"pcg_401700","Fournisseurs - Retenues de garantie","401700","account.data_account_type_payable","l10n_tn.l10n_tn_pcg_chart_template",,"True"
"pcg_403000","Fournisseurs d'exploitation - effets à payer","403000","account.data_account_type_payable","l10n_tn.l10n_tn_pcg_chart_template",,"True"
"pcg_404100","Fournisseurs - Achats d'immobilisations","404100","account.data_account_type_payable","l10n_tn.l10n_tn_pcg_chart_template",,"True"
"pcg_404700","Fournisseurs d'immobilisations - Retenues de garantie","404700","account.data_account_type_payable","l10n_tn.l10n_tn_pcg_chart_template",,"True"
"pcg_405000","Fournisseurs d'immobilisations - Effets à payer","405000","account.data_account_type_payable","l10n_tn.l10n_tn_pcg_chart_template",,"True"
"pcg_408100","Fournisseurs d'exploitation","408100","account.data_account_type_payable","l10n_tn.l10n_tn_pcg_chart_template",,"True"
"pcg_408400","Fournisseurs d'immobilisations","408400","account.data_account_type_payable","l10n_tn.l10n_tn_pcg_chart_template",,"True"
"pcg_408800","Fournisseurs - Intérêts courus","408800","account.data_account_type_payable","l10n_tn.l10n_tn_pcg_chart_template",,"True"
"pcg_409100","Fournisseurs - Avances et acomptes versés sur commandes","409100","account.data_account_type_payable","l10n_tn.l10n_tn_pcg_chart_template",,"True"
"pcg_409600","Fournisseurs - Créances pour emballages et matériel à rendre","409600","account.data_account_type_payable","l10n_tn.l10n_tn_pcg_chart_template",,"True"
"pcg_409710","Fournisseurs d'exploitation","409710","account.data_account_type_payable","l10n_tn.l10n_tn_pcg_chart_template",,"True"
"pcg_409740","Fournisseurs d'immobilisations","409740","account.data_account_type_payable","l10n_tn.l10n_tn_pcg_chart_template",,"True"
"pcg_409800","Rabais, remises, ristournes à obtenir et autres avoirs non encore reçus","409800","account.data_account_type_payable","l10n_tn.l10n_tn_pcg_chart_template",,"True"
"pcg_411100","Clients - Ventes de biens ou de prestations de services","411100","account.data_account_type_receivable","l10n_tn.l10n_tn_pcg_chart_template",,"True"
"pcg_411101","Clients - Ventes de biens ou de prestations de services POS","411101","account.data_account_type_receivable","l10n_tn.l10n_tn_pcg_chart_template",,"True"
"pcg_411700","Clients - Retenues de garantie","411700","account.data_account_type_receivable","l10n_tn.l10n_tn_pcg_chart_template",,"True"
"pcg_413000","Clients - Effets à recevoir","413000","account.data_account_type_receivable","l10n_tn.l10n_tn_pcg_chart_template",,"True"
"pcg_416000","Clients douteux ou litigieux","416000","account.data_account_type_receivable","l10n_tn.l10n_tn_pcg_chart_template",,"True"
"pcg_417000","Créances sur travaux non encore facturables","417000","account.data_account_type_receivable","l10n_tn.l10n_tn_pcg_chart_template",,"True"
"pcg_418100","Factures à établir","418100","account.data_account_type_receivable","l10n_tn.l10n_tn_pcg_chart_template",,"True"
"pcg_418800","Intérêts courus","418800","account.data_account_type_receivable","l10n_tn.l10n_tn_pcg_chart_template",,"True"
"pcg_419100","Clients - Avances et acomptes reçus sur commandes","419100","account.data_account_type_receivable","l10n_tn.l10n_tn_pcg_chart_template",,"True"
"pcg_419600","Clients - Dettes pour emballages et matériels consignés","419600","account.data_account_type_receivable","l10n_tn.l10n_tn_pcg_chart_template",,"True"
"pcg_419700","Clients - Autres avoirs","419700","account.data_account_type_receivable","l10n_tn.l10n_tn_pcg_chart_template",,"True"
"pcg_419800","Rabais, remises, ristournes à accorder et autres avoirs à établir","419800","account.data_account_type_receivable","l10n_tn.l10n_tn_pcg_chart_template",,"True"
"pcg_421000","Personnel - avances et acomptes","421000","account.data_account_type_expenses","l10n_tn.l10n_tn_pcg_chart_template",,"True"
"pcg_422000","Comités d'entreprises et autres organes représentatifs du personnel","422000","account.data_account_type_expenses","l10n_tn.l10n_tn_pcg_chart_template",,"True"
"pcg_423000","Personnel, œuvres sociales","423000","account.data_account_type_expenses","l10n_tn.l10n_tn_pcg_chart_template",,"True"
"pcg_425000","Personnel - rémunérations dues","425000","account.data_account_type_expenses","l10n_tn.l10n_tn_pcg_chart_template",,"True"
"pcg_426000","Personnel - Dépôts","426000","account.data_account_type_expenses","l10n_tn.l10n_tn_pcg_chart_template",,"True"
"pcg_427000","Personnel - Oppositions","427000","account.data_account_type_expenses","l10n_tn.l10n_tn_pcg_chart_template",,"True"
"pcg_428200","Dettes provisionnées pour congés à payer","428200","account.data_account_type_expenses","l10n_tn.l10n_tn_pcg_chart_template",,"True"
"pcg_428600","Autres charges à payer","428600","account.data_account_type_expenses","l10n_tn.l10n_tn_pcg_chart_template",,"True"
"pcg_428700","Produits à recevoir","428700","account.data_account_type_expenses","l10n_tn.l10n_tn_pcg_chart_template",,"True"
"pcg_431000","État - Subventions à recevoir","431000","account.data_account_type_receivable","l10n_tn.l10n_tn_pcg_chart_template",,"True"
"pcg_432000","État - impôts et taxes retenus à la source","432000","account.data_account_type_non_current_assets","l10n_tn.l10n_tn_pcg_chart_template",,"True"
"pcg_433100","Timbre fiscale","433100","account.data_account_type_non_current_assets","l10n_tn.l10n_tn_pcg_chart_template",,"True"
"pcg_434100","Retenue à la source","434100","account.data_account_type_equity","l10n_tn.l10n_tn_pcg_chart_template",,"True"
"pcg_434200","Acomptes provisionnels","434200","account.data_account_type_equity","l10n_tn.l10n_tn_pcg_chart_template",,"True"
"pcg_434300","Impôt à liquider","434300","account.data_account_type_equity","l10n_tn.l10n_tn_pcg_chart_template",,"True"
"pcg_434900","Impôts différés","434900","account.data_account_type_equity","l10n_tn.l10n_tn_pcg_chart_template",,"True"
"pcg_435000","Obligations cautionnées","435000","account.data_account_type_equity","l10n_tn.l10n_tn_pcg_chart_template",,"True"
"pcg_436510","TVA à payer","436510","account.data_account_type_equity","l10n_tn.l10n_tn_pcg_chart_template",,"True"
"pcg_436580","Autres taxes sur le chiffre d'affaires","436580","account.data_account_type_equity","l10n_tn.l10n_tn_pcg_chart_template",,"True"
"pcg_436620","TVA sur immobilisations 29%","436620","account.data_account_type_non_current_assets","l10n_tn.l10n_tn_pcg_chart_template",,"False"
"pcg_436621","TVA sur immobilisations 19%","436621","account.data_account_type_non_current_assets","l10n_tn.l10n_tn_pcg_chart_template",,"False"
"pcg_436622","TVA sur immobilisations 13%","436622","account.data_account_type_non_current_assets","l10n_tn.l10n_tn_pcg_chart_template",,"False"
"pcg_436623","TVA sur immobilisations 7%","436623","account.data_account_type_non_current_assets","l10n_tn.l10n_tn_pcg_chart_template",,"False"
"pcg_436630","TVA transférée par d'autres entreprises","436630","account.data_account_type_non_current_assets","l10n_tn.l10n_tn_pcg_chart_template",,"True"
"pcg_436660","TVA sur autres biens et services 29%","436660","account.data_account_type_non_current_assets","l10n_tn.l10n_tn_pcg_chart_template",,"False"
"pcg_436661","TVA sur autres biens et services 19%","436661","account.data_account_type_non_current_assets","l10n_tn.l10n_tn_pcg_chart_template",,"False"
"pcg_436662","TVA sur autres biens et services 13%","436662","account.data_account_type_non_current_assets","l10n_tn.l10n_tn_pcg_chart_template",,"False"
"pcg_436663","TVA sur autres biens et services 7%","436663","account.data_account_type_non_current_assets","l10n_tn.l10n_tn_pcg_chart_template",,"False"
"pcg_436670","Crédit de TVA à reporter","436670","account.data_account_type_non_current_assets","l10n_tn.l10n_tn_pcg_chart_template",,"True"
"pcg_436680","Autres taxes sur le chiffre d'affaires","436680","account.data_account_type_non_current_assets","l10n_tn.l10n_tn_pcg_chart_template",,"True"
"pcg_4367110","TVA collectée sur les débits 29%","4367110","account.data_account_type_equity","l10n_tn.l10n_tn_pcg_chart_template",,"False"
"pcg_4367111","TVA collectée sur les débits 19%","4367111","account.data_account_type_equity","l10n_tn.l10n_tn_pcg_chart_template",,"False"
"pcg_4367112","TVA collectée sur les débits 13%","4367112","account.data_account_type_equity","l10n_tn.l10n_tn_pcg_chart_template",,"False"
"pcg_4367113","TVA collectée sur les débits 7%","4367113","account.data_account_type_equity","l10n_tn.l10n_tn_pcg_chart_template",,"False"
"pcg_4367120","TVA collectée sur les encaissements 29%","4367120","account.data_account_type_equity","l10n_tn.l10n_tn_pcg_chart_template",,"False"
"pcg_4367121","TVA collectée sur les encaissements 19%","4367121","account.data_account_type_equity","l10n_tn.l10n_tn_pcg_chart_template",,"False"
"pcg_4367122","TVA collectée sur les encaissements 13%","4367122","account.data_account_type_equity","l10n_tn.l10n_tn_pcg_chart_template",,"False"
"pcg_4367123","TVA collectée sur les encaissements 7%","4367123","account.data_account_type_equity","l10n_tn.l10n_tn_pcg_chart_template",,"False"
"pcg_436780","Autres taxes sur le chiffre d'affaires","436780","account.data_account_type_equity","l10n_tn.l10n_tn_pcg_chart_template",,"True"
"pcg_436800","Taxes sur le chiffre d'affaires à régulariser ou en attente","436800","account.data_account_type_non_current_assets","l10n_tn.l10n_tn_pcg_chart_template",,"False"
"pcg_437000","Autres impôts, taxes et versements assimilés","437000","account.data_account_type_equity","l10n_tn.l10n_tn_pcg_chart_template",,"True"
"pcg_438200","Charges fiscales sur congés à payer","438200","account.data_account_type_equity","l10n_tn.l10n_tn_pcg_chart_template",,"True"
"pcg_438600","Autres charges à payer","438600","account.data_account_type_equity","l10n_tn.l10n_tn_pcg_chart_template",,"True"
"pcg_438700","Produits à recevoir","438700","account.data_account_type_non_current_assets","l10n_tn.l10n_tn_pcg_chart_template",,"True"
"pcg_441100","Créances et intérêts courus","441100","account.data_account_type_receivable","l10n_tn.l10n_tn_pcg_chart_template",,"True"
"pcg_441200","Dettes et intérêts à payer","441200","account.data_account_type_receivable","l10n_tn.l10n_tn_pcg_chart_template",,"True"
"pcg_442100","Associés - comptes courants principal","442100","account.data_account_type_payable","l10n_tn.l10n_tn_pcg_chart_template",,"True"
"pcg_442800","Associés - comptes courants intérêts courus","442800","account.data_account_type_payable","l10n_tn.l10n_tn_pcg_chart_template",,"True"
"pcg_445711","TVA collectée (Taux Normal)","445711","account.data_account_type_current_liabilities","l10n_tn.l10n_tn_pcg_chart_template",,"False"
"pcg_445712","TVA collectée (Taux Intermédiaire)","445712","account.data_account_type_current_liabilities","l10n_tn.l10n_tn_pcg_chart_template",,"False"
"pcg_445713","TVA collectée (Autre taux)","445713","account.data_account_type_current_liabilities","l10n_tn.l10n_tn_pcg_chart_template",,"False"
"pcg_446000","Associés - Opérations sur le capital","446000","account.data_account_type_receivable","l10n_tn.l10n_tn_pcg_chart_template",,"True"
"pcg_447000","Associés - Dividendes à payer","447000","account.data_account_type_receivable","l10n_tn.l10n_tn_pcg_chart_template",,"True"
"pcg_448100","Associés - Opérations courantes faites en commun","448100","account.data_account_type_receivable","l10n_tn.l10n_tn_pcg_chart_template",,"True"
"pcg_448800","Associés - Intérêts courus faits en commun","448800","account.data_account_type_receivable","l10n_tn.l10n_tn_pcg_chart_template",,"True"
"pcg_452000","Créances sur cessions d'immobilisations","452000","account.data_account_type_receivable","l10n_tn.l10n_tn_pcg_chart_template",,"True"
"pcg_453110","CNSS","453110","account.data_account_type_equity","l10n_tn.l10n_tn_pcg_chart_template",,"True"
"pcg_453180","Organismes sociaux Autres","453180","account.data_account_type_equity","l10n_tn.l10n_tn_pcg_chart_template",,"True"
"pcg_453820","Charges sociales sur congés à payer","453820","account.data_account_type_equity","l10n_tn.l10n_tn_pcg_chart_template",,"True"
"pcg_453860","Autres charges à payer","453860","account.data_account_type_equity","l10n_tn.l10n_tn_pcg_chart_template",,"True"
"pcg_453870","Produits à recevoir","453870","account.data_account_type_receivable","l10n_tn.l10n_tn_pcg_chart_template",,"True"
"pcg_454000","Dettes sur acquisitions de valeurs mobilières de placement","454000","account.data_account_type_equity","l10n_tn.l10n_tn_pcg_chart_template",,"True"
"pcg_455000","Créances sur cessions de valeurs mobilières de placement","455000","account.data_account_type_receivable","l10n_tn.l10n_tn_pcg_chart_template",,"True"
"pcg_457000","Autres comptes débiteurs ou créditeurs","457000","account.data_account_type_equity","l10n_tn.l10n_tn_pcg_chart_template",,"False"
"pcg_458600","Diverses Charges à payer","458600","account.data_account_type_equity","l10n_tn.l10n_tn_pcg_chart_template",,"True"
"pcg_458700","Diverses Produits à recevoir","458700","account.data_account_type_receivable","l10n_tn.l10n_tn_pcg_chart_template",,"True"
"pcg_461000","Comptes d'attente","461000","account.data_account_type_receivable","l10n_tn.l10n_tn_pcg_chart_template",,"True"
"pcg_465100","Différences de conversion actif","465100","account.data_account_type_equity","l10n_tn.l10n_tn_pcg_chart_template",,"True"
"pcg_465200","Différences de conversion passif","465200","account.data_account_type_equity","l10n_tn.l10n_tn_pcg_chart_template",,"True"
"pcg_468000","Autres comptes transitoires","468000","account.data_account_type_equity","l10n_tn.l10n_tn_pcg_chart_template",,"False"
"pcg_471000","Charges constatées d'avance","471000","account.data_account_type_receivable","l10n_tn.l10n_tn_pcg_chart_template",,"True"
"pcg_472000","Produits constatés d'avance","472000","account.data_account_type_equity","l10n_tn.l10n_tn_pcg_chart_template",,"True"
"pcg_478600","Comptes de répartition périodique de charges","478600","account.data_account_type_equity","l10n_tn.l10n_tn_pcg_chart_template",,"True"
"pcg_478700","Comptes de répartition périodique de produits","478700","account.data_account_type_receivable","l10n_tn.l10n_tn_pcg_chart_template",,"True"
"pcg_480000","Provisions courantes pour risques et charges","480000","account.data_account_type_equity","l10n_tn.l10n_tn_pcg_chart_template",,"False"
"pcg_491000","Provisions pour dépréciation des comptes clients","491000","account.data_account_type_equity","l10n_tn.l10n_tn_pcg_chart_template",,"True"
"pcg_494100","Provisions pour dépréciation des Comptes du groupe","494100","account.data_account_type_equity","l10n_tn.l10n_tn_pcg_chart_template",,"True"
"pcg_494200","Provisions pour dépréciation des Comptes courants des associés","494200","account.data_account_type_equity","l10n_tn.l10n_tn_pcg_chart_template",,"True"
"pcg_494800","Provisions pour dépréciation des Opérations faites en commun","494800","account.data_account_type_equity","l10n_tn.l10n_tn_pcg_chart_template",,"True"
"pcg_495200","Créances sur cessions d'immobilisations","495200","account.data_account_type_receivable","l10n_tn.l10n_tn_pcg_chart_template",,"True"
"pcg_495500","Créances sur cessions de valeurs mobilières de placement","495500","account.data_account_type_receivable","l10n_tn.l10n_tn_pcg_chart_template",,"True"
"pcg_495700","Autres comptes débiteurs","495700","account.data_account_type_receivable","l10n_tn.l10n_tn_pcg_chart_template",,"True"
"pcg_501000","Emprunts courants liés au cycle d'exploitation","501000","account.data_account_type_liquidity","l10n_tn.l10n_tn_pcg_chart_template",,"False"
"pcg_505000","Échéances à moins d'un an sur emprunts non courants","505000","account.data_account_type_liquidity","l10n_tn.l10n_tn_pcg_chart_template",,"False"
"pcg_506100","Crédit de mobilisation de créances commerciales","506100","account.data_account_type_liquidity","l10n_tn.l10n_tn_pcg_chart_template",,"False"
"pcg_506300","Mobilisation de créances nées à l'étranger","506300","account.data_account_type_liquidity","l10n_tn.l10n_tn_pcg_chart_template",,"False"
"pcg_506700","Autres concours bancaires","506700","account.data_account_type_liquidity","l10n_tn.l10n_tn_pcg_chart_template",,"False"
"pcg_507000","Emprunts échus et impayés","507000","account.data_account_type_liquidity","l10n_tn.l10n_tn_pcg_chart_template",,"False"
"pcg_508000","Intérêts courus (à subdiviser selon la même ventilation que le compte 50)","508000","account.data_account_type_liquidity","l10n_tn.l10n_tn_pcg_chart_template",,"False"
"pcg_511000","Prêts courants liés au cycle d'exploitation","511000","account.data_account_type_liquidity","l10n_tn.l10n_tn_pcg_chart_template",,"False"
"pcg_512001","Compte d'attente de la banque","512001","account.data_account_type_current_assets","l10n_tn.l10n_tn_pcg_chart_template",,"False"
"pcg_512002","Banque","512002","account.data_account_type_liquidity","l10n_tn.l10n_tn_pcg_chart_template",,"False"
"pcg_512003","Paiements Entrants en Suspens","512003","account.data_account_type_current_assets","l10n_tn.l10n_tn_pcg_chart_template",,"True"
"pcg_512004","Paiements Sortants en Suspens","512004","account.data_account_type_current_assets","l10n_tn.l10n_tn_pcg_chart_template",,"True"
"pcg_516000","Échéances à moins d'un an sur prêts non courants","516000","account.data_account_type_liquidity","l10n_tn.l10n_tn_pcg_chart_template",,"False"
"pcg_517000","Échéances à moins d'un an sur autres créances financières","517000","account.data_account_type_liquidity","l10n_tn.l10n_tn_pcg_chart_template",,"False"
"pcg_518000","Intérêts courus","518000","account.data_account_type_liquidity","l10n_tn.l10n_tn_pcg_chart_template",,"False"
"pcg_523100","Actions Titres cotés","523100","account.data_account_type_liquidity","l10n_tn.l10n_tn_pcg_chart_template",,"False"
"pcg_523500","Actions Titres non cotés","523500","account.data_account_type_liquidity","l10n_tn.l10n_tn_pcg_chart_template",,"False"
"pcg_524000","Autres titres conférant un droit de propriété","524000","account.data_account_type_liquidity","l10n_tn.l10n_tn_pcg_chart_template",,"False"
"pcg_525000","Obligations et bons émis par la société et rachetés par elle","525000","account.data_account_type_liquidity","l10n_tn.l10n_tn_pcg_chart_template",,"False"
"pcg_526100","Obligations Titres cotés","526100","account.data_account_type_liquidity","l10n_tn.l10n_tn_pcg_chart_template",,"False"
"pcg_526500","Obligations Titres non cotés","526500","account.data_account_type_liquidity","l10n_tn.l10n_tn_pcg_chart_template",,"False"
"pcg_526600","Obligations Échéances à moins d'un an sur les obligations immobilisées","526600","account.data_account_type_liquidity","l10n_tn.l10n_tn_pcg_chart_template",,"False"
"pcg_527000","Bons du trésor et bons de caisse à court terme","527000","account.data_account_type_liquidity","l10n_tn.l10n_tn_pcg_chart_template",,"False"
"pcg_528100","Autres valeurs mobilières","528100","account.data_account_type_liquidity","l10n_tn.l10n_tn_pcg_chart_template",,"False"
"pcg_528800","Intérêts courus sur obligations, bons et valeurs assimilées","528800","account.data_account_type_liquidity","l10n_tn.l10n_tn_pcg_chart_template",,"False"
"pcg_529000","Versements restant à effectuer sur valeurs mobilières de placement non libérées","529000","account.data_account_type_liquidity","l10n_tn.l10n_tn_pcg_chart_template",,"False"
"pcg_530001","Espèces","530001","account.data_account_type_liquidity","l10n_tn.l10n_tn_pcg_chart_template",,"False"
"pcg_530002","Paiements Entrants en Suspens","530002","account.data_account_type_current_assets","l10n_tn.l10n_tn_pcg_chart_template",,"True"
"pcg_530003","Paiements Sortants en Suspens","530003","account.data_account_type_current_assets","l10n_tn.l10n_tn_pcg_chart_template",,"True"
"pcg_531100","Coupons échus à l'encaissement","531100","account.data_account_type_liquidity","l10n_tn.l10n_tn_pcg_chart_template",,"False"
"pcg_531200","Chèques à encaisser","531200","account.data_account_type_liquidity","l10n_tn.l10n_tn_pcg_chart_template",,"False"
"pcg_531300","Effets à l'encaissement","531300","account.data_account_type_liquidity","l10n_tn.l10n_tn_pcg_chart_template",,"False"
"pcg_531400","Effets à l'escompte","531400","account.data_account_type_liquidity","l10n_tn.l10n_tn_pcg_chart_template",,"False"
"pcg_532100","Comptes en dinars","532100","account.data_account_type_liquidity","l10n_tn.l10n_tn_pcg_chart_template",,"False"
"pcg_532400","Comptes en devises","532400","account.data_account_type_liquidity","l10n_tn.l10n_tn_pcg_chart_template",,"False"
"pcg_534000","C.C.P","534000","account.data_account_type_liquidity","l10n_tn.l10n_tn_pcg_chart_template",,"False"
"pcg_535000","Comptes au Trésor","535000","account.data_account_type_liquidity","l10n_tn.l10n_tn_pcg_chart_template",,"False"
"pcg_537000","Autres organismes financiers","537000","account.data_account_type_liquidity","l10n_tn.l10n_tn_pcg_chart_template",,"False"
"pcg_541100","Caisse en dinars","541100","account.data_account_type_liquidity","l10n_tn.l10n_tn_pcg_chart_template",,"False"
"pcg_541400","Caisse en devises","541400","account.data_account_type_liquidity","l10n_tn.l10n_tn_pcg_chart_template",,"False"
"pcg_542000","Caisse succursales","542000","account.data_account_type_liquidity","l10n_tn.l10n_tn_pcg_chart_template",,"False"
"pcg_550000","Régies d'avances et accréditifs","550000","account.data_account_type_liquidity","l10n_tn.l10n_tn_pcg_chart_template",,"False"
"pcg_580000","Virements internes","580000","account.data_account_type_liquidity","l10n_tn.l10n_tn_pcg_chart_template",,"True"
"pcg_590000","Provisions pour dépréciation des comptes financiers (Meme ventilation que les comptes de la classe 5)","590000","account.data_account_type_liquidity","l10n_tn.l10n_tn_pcg_chart_template",,"False"
"pcg_601000","Achats stockés - Matières premières et fournitures liées","601000","account.data_account_type_expenses","l10n_tn.l10n_tn_pcg_chart_template",,"False"
"pcg_602100","Matières consommables","602100","account.data_account_type_expenses","l10n_tn.l10n_tn_pcg_chart_template",,"False"
"pcg_602200","Fournitures consommables","602200","account.data_account_type_expenses","l10n_tn.l10n_tn_pcg_chart_template",,"False"
"pcg_602600","Emballages","602600","account.data_account_type_expenses","l10n_tn.l10n_tn_pcg_chart_template",,"False"
"pcg_604000","Achats d'études et prestations de services (y compris achat de sous-traitance de production)","604000","account.data_account_type_expenses","l10n_tn.l10n_tn_pcg_chart_template",,"False"
"pcg_605000","Achats de matériel équipements et travaux","605000","account.data_account_type_expenses","l10n_tn.l10n_tn_pcg_chart_template",,"False"
"pcg_606000","Achats non stockés de matières et fournitures","606000","account.data_account_type_expenses","l10n_tn.l10n_tn_pcg_chart_template",,"False"
"pcg_607000","Achats de marchandises","607000","account.data_account_type_expenses","l10n_tn.l10n_tn_pcg_chart_template",,"False"
"pcg_608000","Achats liés à une modification comptable à prendre en compte dans le résultat de l'exercice ou à une activité abandonnée","608000","account.data_account_type_expenses","l10n_tn.l10n_tn_pcg_chart_template",,"False"
"pcg_609800","Rabais, remises et ristournes obtenus sur achats liés à une modification comptable à prendre en compte dans le résultat de l'exercice ou à une activité abandonnée","609800","account.data_account_type_expenses","l10n_tn.l10n_tn_pcg_chart_template",,"False"
"pcg_611000","Sous-traitance générale","611000","account.data_account_type_expenses","l10n_tn.l10n_tn_pcg_chart_template",,"False"
"pcg_612000","Redevances pour utilisation d'immobilisations concédées","612000","account.data_account_type_expenses","l10n_tn.l10n_tn_pcg_chart_template",,"False"
"pcg_613000","Locations (y compris malis sur emballages)","613000","account.data_account_type_expenses","l10n_tn.l10n_tn_pcg_chart_template",,"False"
"pcg_614000","Charges locatives et de copropriété","614000","account.data_account_type_expenses","l10n_tn.l10n_tn_pcg_chart_template",,"False"
"pcg_615000","Entretien et réparations","615000","account.data_account_type_expenses","l10n_tn.l10n_tn_pcg_chart_template",,"False"
"pcg_616000","Primes d'assurance","616000","account.data_account_type_expenses","l10n_tn.l10n_tn_pcg_chart_template",,"False"
"pcg_617000","Études, recherches et divers services extérieurs","617000","account.data_account_type_expenses","l10n_tn.l10n_tn_pcg_chart_template",,"False"
"pcg_618000","Autres charges liées à une modification comptable à prendre en compte dans le résultat de l'exercice ou à une activité abandonnée","618000","account.data_account_type_expenses","l10n_tn.l10n_tn_pcg_chart_template",,"False"
"pcg_619000","Rabais, remises et ristournes obtenus sur services extérieurs","619000","account.data_account_type_expenses","l10n_tn.l10n_tn_pcg_chart_template",,"False"
"pcg_621000","Personnel extérieur à l'entreprise","621000","account.data_account_type_expenses","l10n_tn.l10n_tn_pcg_chart_template",,"False"
"pcg_622000","Rémunérations d'intermédiaires et honoraires","622000","account.data_account_type_expenses","l10n_tn.l10n_tn_pcg_chart_template",,"False"
"pcg_623000","Publicité, publications, relations publiques","623000","account.data_account_type_expenses","l10n_tn.l10n_tn_pcg_chart_template",,"False"
"pcg_624100","Transports sur achats","624100","account.data_account_type_expenses","l10n_tn.l10n_tn_pcg_chart_template",,"False"
"pcg_624200","Transports sur ventes","624200","account.data_account_type_expenses","l10n_tn.l10n_tn_pcg_chart_template",,"False"
"pcg_624400","Transports administratifs","624400","account.data_account_type_expenses","l10n_tn.l10n_tn_pcg_chart_template",,"False"
"pcg_624700","Transports collectifs du personnel","624700","account.data_account_type_expenses","l10n_tn.l10n_tn_pcg_chart_template",,"False"
"pcg_624800","Transports Divers","624800","account.data_account_type_expenses","l10n_tn.l10n_tn_pcg_chart_template",,"False"
"pcg_625100","Voyages et déplacements","625100","account.data_account_type_expenses","l10n_tn.l10n_tn_pcg_chart_template",,"False"
"pcg_625500","Frais de déménagement","625500","account.data_account_type_expenses","l10n_tn.l10n_tn_pcg_chart_template",,"False"
"pcg_625600","Missions","625600","account.data_account_type_expenses","l10n_tn.l10n_tn_pcg_chart_template",,"False"
"pcg_625700","Réceptions","625700","account.data_account_type_expenses","l10n_tn.l10n_tn_pcg_chart_template",,"False"
"pcg_626000","Frais postaux et frais de télécommunications","626000","account.data_account_type_expenses","l10n_tn.l10n_tn_pcg_chart_template",,"False"
"pcg_627100","Frais sur titres (achat, vente, garde)","627100","account.data_account_type_expenses","l10n_tn.l10n_tn_pcg_chart_template",,"False"
"pcg_627200","Commissions et frais sur émission d'emprunts","627200","account.data_account_type_expenses","l10n_tn.l10n_tn_pcg_chart_template",,"False"
"pcg_627500","Frais sur effets","627500","account.data_account_type_expenses","l10n_tn.l10n_tn_pcg_chart_template",,"False"
"pcg_627600","Location de coffres","627600","account.data_account_type_expenses","l10n_tn.l10n_tn_pcg_chart_template",,"False"
"pcg_627800","Autres frais et commissions sur prestations de services","627800","account.data_account_type_expenses","l10n_tn.l10n_tn_pcg_chart_template",,"False"
"pcg_628000","Autres services extérieurs liés à une modification comptable à prendre en compte dans le résultat de l'exercice ou à une activité abandonnée","628000","account.data_account_type_expenses","l10n_tn.l10n_tn_pcg_chart_template",,"False"
"pcg_629000","Rabais, remises et ristournes obtenus sur autres services extérieurs","629000","account.data_account_type_expenses","l10n_tn.l10n_tn_pcg_chart_template",,"False"
"pcg_631000","Redevances pour concessions de marques, brevets, licences,procédés, droits et valeurs similaires","631000","account.data_account_type_expenses","l10n_tn.l10n_tn_pcg_chart_template",,"False"
"pcg_633000","Jetons de présence","633000","account.data_account_type_expenses","l10n_tn.l10n_tn_pcg_chart_template",,"False"
"pcg_634100","Pertes sur créances de l'exercice","634100","account.data_account_type_expenses","l10n_tn.l10n_tn_pcg_chart_template",,"False"
"pcg_634400","Pertes sur créances des exercices antérieurs","634400","account.data_account_type_expenses","l10n_tn.l10n_tn_pcg_chart_template",,"False"
"pcg_635100","Quote-part de bénéfice transférée (comptabilité du gérant)","635100","account.data_account_type_expenses","l10n_tn.l10n_tn_pcg_chart_template",,"False"
"pcg_635500","Quote-part de perte supportée (comptabilité des associés non gérants)","635500","account.data_account_type_expenses","l10n_tn.l10n_tn_pcg_chart_template",,"False"
"pcg_636000","Charges nettes sur cessions d'immobilisations et autres pertes sur éléments non récurrents ou exceptionnels","636000","account.data_account_type_expenses","l10n_tn.l10n_tn_pcg_chart_template",,"False"
"pcg_637000","Réduction de valeur","637000","account.data_account_type_expenses","l10n_tn.l10n_tn_pcg_chart_template",,"False"
"pcg_638000","Charges diverses ordinaires liées à une modification comptable à prendre en compte dans le résultat de l'exercice ou à une activité abandonnée","638000","account.data_account_type_expenses","l10n_tn.l10n_tn_pcg_chart_template",,"False"
"pcg_640000","Salaires","640000","account.data_account_type_expenses","l10n_tn.l10n_tn_pcg_chart_template",,"False"
"pcg_640100","Heures supplémentaires sur salaire","640100","account.data_account_type_expenses","l10n_tn.l10n_tn_pcg_chart_template",,"False"
"pcg_640200","Primes sur salaire","640200","account.data_account_type_expenses","l10n_tn.l10n_tn_pcg_chart_template",,"False"
"pcg_640300","Gratifications sur salaire","640300","account.data_account_type_expenses","l10n_tn.l10n_tn_pcg_chart_template",,"False"
"pcg_640400","Avantages en nature sur salaire","640400","account.data_account_type_expenses","l10n_tn.l10n_tn_pcg_chart_template",,"False"
"pcg_640900","Autres compléments de salaires","640900","account.data_account_type_expenses","l10n_tn.l10n_tn_pcg_chart_template",,"False"
"pcg_642000","Appointements","642000","account.data_account_type_expenses","l10n_tn.l10n_tn_pcg_chart_template",,"False"
"pcg_642100","Heures supplémentaires sur Appointements","642100","account.data_account_type_expenses","l10n_tn.l10n_tn_pcg_chart_template",,"False"
"pcg_642200","Primes sur Appointements","642200","account.data_account_type_expenses","l10n_tn.l10n_tn_pcg_chart_template",,"False"
"pcg_642300","Gratifications sur Appointements","642300","account.data_account_type_expenses","l10n_tn.l10n_tn_pcg_chart_template",,"False"
"pcg_642400","Avantages en nature sur Appointements","642400","account.data_account_type_expenses","l10n_tn.l10n_tn_pcg_chart_template",,"False"
"pcg_642900","Autres compléments d'appointements","642900","account.data_account_type_expenses","l10n_tn.l10n_tn_pcg_chart_template",,"False"
"pcg_643000","Indemnités représentatives de frais","643000","account.data_account_type_expenses","l10n_tn.l10n_tn_pcg_chart_template",,"False"
"pcg_644000","Commissions au personnel sur achats","644000","account.data_account_type_expenses","l10n_tn.l10n_tn_pcg_chart_template",,"False"
"pcg_644100","Commissions au personnel sur ventes","644100","account.data_account_type_expenses","l10n_tn.l10n_tn_pcg_chart_template",,"False"
"pcg_645000","Rémunérations des administrateurs, gérants et associés","645000","account.data_account_type_expenses","l10n_tn.l10n_tn_pcg_chart_template",,"False"
"pcg_646000","Charges connexes aux salaires: Congés payés","646000","account.data_account_type_expenses","l10n_tn.l10n_tn_pcg_chart_template",,"False"
"pcg_646020","Charges connexes aux salaires: Indemnités de préavis et de licenciements (gratification de fin de service)","646020","account.data_account_type_expenses","l10n_tn.l10n_tn_pcg_chart_template",,"False"
"pcg_646040","Charges connexes aux salaires: Supplément familial","646040","account.data_account_type_expenses","l10n_tn.l10n_tn_pcg_chart_template",,"False"
"pcg_646200","Charges connexes aux appointements: Congés payés","646200","account.data_account_type_expenses","l10n_tn.l10n_tn_pcg_chart_template",,"False"
"pcg_646220","Charges connexes aux appointements: Indemnités de préavis et de licenciement (gratification de fin de service)","646220","account.data_account_type_expenses","l10n_tn.l10n_tn_pcg_chart_template",,"False"
"pcg_646240","Charges connexes aux appointements: Supplément familial","646240","account.data_account_type_expenses","l10n_tn.l10n_tn_pcg_chart_template",,"False"
"pcg_646400","Charges connexes aux commissions: Congés payés","646400","account.data_account_type_expenses","l10n_tn.l10n_tn_pcg_chart_template",,"False"
"pcg_646420","Charges connexes aux commissions: Indemnités de préavis et de licenciement (gratification de fin de service)","646420","account.data_account_type_expenses","l10n_tn.l10n_tn_pcg_chart_template",,"False"
"pcg_646440","Charges connexes aux commissions: Supplément familial","646440","account.data_account_type_expenses","l10n_tn.l10n_tn_pcg_chart_template",,"False"
"pcg_646500","Charges connexes aux rémunérations des administrateurs et gérants: Congés payés","646500","account.data_account_type_expenses","l10n_tn.l10n_tn_pcg_chart_template",,"False"
"pcg_646520","Charges connexes aux rémunérations des administrateurs et gérants: Indemnités de préavis et de licenciement","646520","account.data_account_type_expenses","l10n_tn.l10n_tn_pcg_chart_template",,"False"
"pcg_646540","Charges connexes aux rémunérations des administrateurs et gérants: Supplément familial","646540","account.data_account_type_expenses","l10n_tn.l10n_tn_pcg_chart_template",,"False"
"pcg_647000","Cotisations de sécurité sociale sur salaires","647000","account.data_account_type_expenses","l10n_tn.l10n_tn_pcg_chart_template",,"False"
"pcg_647200","Cotisations de sécurité sociale sur appointements","647200","account.data_account_type_expenses","l10n_tn.l10n_tn_pcg_chart_template",,"False"
"pcg_647400","Cotisations de sécurité sociale sur commissions","647400","account.data_account_type_expenses","l10n_tn.l10n_tn_pcg_chart_template",,"False"
"pcg_647500","Cotisations de sécurité sociale sur rémunérations des administrateurs et gérants","647500","account.data_account_type_expenses","l10n_tn.l10n_tn_pcg_chart_template",,"False"
"pcg_647600","Prestations directes","647600","account.data_account_type_expenses","l10n_tn.l10n_tn_pcg_chart_template",,"False"
"pcg_648000","Charges de personnel liées à une modification comptable à imputer au résultat de l'exercice ou à une activité abandonnée","648000","account.data_account_type_expenses","l10n_tn.l10n_tn_pcg_chart_template",,"False"
"pcg_649000","Autres charges de personnel","649000","account.data_account_type_expenses","l10n_tn.l10n_tn_pcg_chart_template",,"False"
"pcg_649500","Autres charges sociales","649500","account.data_account_type_expenses","l10n_tn.l10n_tn_pcg_chart_template",,"False"
"pcg_651160","Intérêts des emprunts et dettes assimilées","651160","account.data_account_type_expenses","l10n_tn.l10n_tn_pcg_chart_template",,"False"
"pcg_651170","Intérêts des dettes rattachées à des participations","651170","account.data_account_type_expenses","l10n_tn.l10n_tn_pcg_chart_template",,"False"
"pcg_651500","Intérêts des comptes courants et des dépôts créditeurs","651500","account.data_account_type_expenses","l10n_tn.l10n_tn_pcg_chart_template",,"False"
"pcg_651600","Intérêts bancaires et sur opérations de financement","651600","account.data_account_type_expenses","l10n_tn.l10n_tn_pcg_chart_template",,"False"
"pcg_651700","Intérêts des obligations cautionnées","651700","account.data_account_type_expenses","l10n_tn.l10n_tn_pcg_chart_template",,"False"
"pcg_651800","Intérêts des autres dettes (y compris les pénalités et intérêts de retard sur emprunts)","651800","account.data_account_type_expenses","l10n_tn.l10n_tn_pcg_chart_template",,"False"
"pcg_653000","Pertes sur créances liées à des participations","653000","account.data_account_type_expenses","l10n_tn.l10n_tn_pcg_chart_template",,"False"
"pcg_654000","Escomptes accordés","654000","account.data_account_type_expenses","l10n_tn.l10n_tn_pcg_chart_template",,"False"
"pcg_655000","Pertes de change","655000","account.data_account_type_expenses","l10n_tn.l10n_tn_pcg_chart_template",,"False"
"pcg_656000","Charges nettes sur cessions de valeurs mobilières","656000","account.data_account_type_expenses","l10n_tn.l10n_tn_pcg_chart_template",,"False"
"pcg_657000","Autres charges financières","657000","account.data_account_type_expenses","l10n_tn.l10n_tn_pcg_chart_template",,"False"
"pcg_658000","Charges financières liées à une modification comptable à imputer au résultat de l'exercice ou à une activité abandonnée","658000","account.data_account_type_expenses","l10n_tn.l10n_tn_pcg_chart_template",,"False"
"pcg_661100","TFP","661100","account.data_account_type_expenses","l10n_tn.l10n_tn_pcg_chart_template",,"False"
"pcg_661200","FOPROLOS","661200","account.data_account_type_expenses","l10n_tn.l10n_tn_pcg_chart_template",,"False"
"pcg_661800","Autres impôts, taxes et versements assimilés sur rémunérations","661800","account.data_account_type_expenses","l10n_tn.l10n_tn_pcg_chart_template",,"False"
"pcg_665100","Impôts et taxes divers (sauf impôts sur les bénéfices)","665100","account.data_account_type_expenses","l10n_tn.l10n_tn_pcg_chart_template",,"False"
"pcg_665200","Taxes sur le chiffre d'affaires non récupérables","665200","account.data_account_type_expenses","l10n_tn.l10n_tn_pcg_chart_template",,"False"
"pcg_665400","Droits d'enregistrement et de timbre","665400","account.data_account_type_expenses","l10n_tn.l10n_tn_pcg_chart_template",,"False"
"pcg_665500","Taxes sur les véhicules","665500","account.data_account_type_expenses","l10n_tn.l10n_tn_pcg_chart_template",,"False"
"pcg_665800","Autres droits","665800","account.data_account_type_expenses","l10n_tn.l10n_tn_pcg_chart_template",,"False"
"pcg_668000","Impôts et taxes liés à une modification comptable à imputer au résultat de l'exercice ou à une activité abandonnée","668000","account.data_account_type_expenses","l10n_tn.l10n_tn_pcg_chart_template",,"False"
"pcg_670000","Pertes extraordinaires","670000","account.data_account_type_expenses","l10n_tn.l10n_tn_pcg_chart_template",,"False"
"pcg_681110","Dotations aux amortissements et aux provisions: Immobilisations incorporelles","681110","account.data_account_type_expenses","l10n_tn.l10n_tn_pcg_chart_template",,"False"
"pcg_681120","Dotations aux amortissements et aux provisions: Immobilisations corporelles","681120","account.data_account_type_expenses","l10n_tn.l10n_tn_pcg_chart_template",,"False"
"pcg_681200","Dotations aux résorptions des charges reportées","681200","account.data_account_type_expenses","l10n_tn.l10n_tn_pcg_chart_template",,"False"
"pcg_681500","Dotations aux provisions pour risques et charges d'exploitation","681500","account.data_account_type_expenses","l10n_tn.l10n_tn_pcg_chart_template",,"False"
"pcg_681610","Dotations aux provisions pour dépréciation des immobilisations incorporelles et corporelles: Immobilisations incorporelles","681610","account.data_account_type_expenses","l10n_tn.l10n_tn_pcg_chart_template",,"False"
"pcg_681620","Dotations aux provisions pour dépréciation des immobilisations incorporelles et corporelles: Immobilisations corporelles","681620","account.data_account_type_expenses","l10n_tn.l10n_tn_pcg_chart_template",,"False"
"pcg_681730","Dotations aux provisions pour dépréciation des actifs courants: Stocks et en-cours","681730","account.data_account_type_expenses","l10n_tn.l10n_tn_pcg_chart_template",,"False"
"pcg_681740","Dotations aux provisions pour dépréciation des actifs courants: Créances","681740","account.data_account_type_expenses","l10n_tn.l10n_tn_pcg_chart_template",,"False"
"pcg_681800","Dotations aux amortissements et aux provisions liées à une modification comptable à imputer au résultat de l'exercice ou à une activité abandonnée","681800","account.data_account_type_expenses","l10n_tn.l10n_tn_pcg_chart_template",,"False"
"pcg_686100","Dotations aux amortissements des primes de remboursement des obligations","686100","account.data_account_type_expenses","l10n_tn.l10n_tn_pcg_chart_template",,"False"
"pcg_686500","Dotations aux provisions pour risques et charges financiers","686500","account.data_account_type_expenses","l10n_tn.l10n_tn_pcg_chart_template",,"False"
"pcg_686620","Dotations aux provisions pour dépréciation des éléments financiers: Immobilisations financières","686620","account.data_account_type_expenses","l10n_tn.l10n_tn_pcg_chart_template",,"False"
"pcg_686650","Dotations aux provisions pour dépréciation des éléments financiers: Placements et prêts courants","686650","account.data_account_type_expenses","l10n_tn.l10n_tn_pcg_chart_template",,"False"
"pcg_686800","Dotations aux amortissements et aux provisions liées à une modification comptable inscrite dans le résultat de l'exercice ou à une activité abandonnée. (charges financières)","686800","account.data_account_type_expenses","l10n_tn.l10n_tn_pcg_chart_template",,"False"
"pcg_691000","Impôts sur les bénéfices calculés sur le résultat des activités ordinaires","691000","account.data_account_type_expenses","l10n_tn.l10n_tn_pcg_chart_template",,"False"
"pcg_695000","Autres impôts sur les bénéfices (régimes particuliers)","695000","account.data_account_type_expenses","l10n_tn.l10n_tn_pcg_chart_template",,"False"
"pcg_696000","Supplément d'impôt sur les sociétés lié aux distributions","696000","account.data_account_type_expenses","l10n_tn.l10n_tn_pcg_chart_template",,"False"
"pcg_697000","Impôts sur les bénéfices calculés sur les éléments extraordinaires","697000","account.data_account_type_expenses","l10n_tn.l10n_tn_pcg_chart_template",,"False"
"pcg_701100","Produits finis achevés","701100","account.data_account_type_revenue","l10n_tn.l10n_tn_pcg_chart_template",,"False"
"pcg_701200","Produits finis non achevés (contrat de longue durée)","701200","account.data_account_type_revenue","l10n_tn.l10n_tn_pcg_chart_template",,"False"
"pcg_702000","Ventes de produits intermédiaires","702000","account.data_account_type_revenue","l10n_tn.l10n_tn_pcg_chart_template",,"False"
"pcg_703000","Ventes de produits résiduels","703000","account.data_account_type_revenue","l10n_tn.l10n_tn_pcg_chart_template",,"False"
"pcg_704000","Travaux","704000","account.data_account_type_revenue","l10n_tn.l10n_tn_pcg_chart_template",,"False"
"pcg_705000","Études et prestations de services","705000","account.data_account_type_revenue","l10n_tn.l10n_tn_pcg_chart_template",,"False"
"pcg_706000","Produits des activités annexes","706000","account.data_account_type_revenue","l10n_tn.l10n_tn_pcg_chart_template",,"False"
"pcg_707000","Ventes de marchandises","707000","account.data_account_type_revenue","l10n_tn.l10n_tn_pcg_chart_template",,"False"
"pcg_708000","Ventes liées à une modification comptable à imputer au résultat de l'exercice ou à une activité abandonnée","708000","account.data_account_type_revenue","l10n_tn.l10n_tn_pcg_chart_template",,"False"
"pcg_709100","Rabais, remises et ristournes accordés par l'entreprise Sur ventes de produits finis","709100","account.data_account_type_revenue","l10n_tn.l10n_tn_pcg_chart_template",,"False"
"pcg_709200","Rabais, remises et ristournes accordés par l'entreprise Sur ventes de produits intermédiaires","709200","account.data_account_type_revenue","l10n_tn.l10n_tn_pcg_chart_template",,"False"
"pcg_709400","Rabais, remises et ristournes accordés par l'entreprise Sur travaux","709400","account.data_account_type_revenue","l10n_tn.l10n_tn_pcg_chart_template",,"False"
"pcg_709500","Rabais, remises et ristournes accordés par l'entreprise Sur études et prestations de services","709500","account.data_account_type_revenue","l10n_tn.l10n_tn_pcg_chart_template",,"False"
"pcg_709600","Rabais, remises et ristournes accordés par l'entreprise Sur activités annexes","709600","account.data_account_type_revenue","l10n_tn.l10n_tn_pcg_chart_template",,"False"
"pcg_709700","Rabais, remises et ristournes accordés par l'entreprise Sur ventes de marchandises","709700","account.data_account_type_revenue","l10n_tn.l10n_tn_pcg_chart_template",,"False"
"pcg_709800","Rabais, remises et ristournes accordés par l'entreprise Sur ventes liées à une modification comptable à imputer au résultat de l'exercice ou à une activité abandonnée","709800","account.data_account_type_revenue","l10n_tn.l10n_tn_pcg_chart_template",,"False"
"pcg_713300","Variation des en-cours de production de biens","713300","account.data_account_type_revenue","l10n_tn.l10n_tn_pcg_chart_template",,"False"
"pcg_713400","Variation des en-cours de production de services","713400","account.data_account_type_revenue","l10n_tn.l10n_tn_pcg_chart_template",,"False"
"pcg_713500","Variation des stocks de produits","713500","account.data_account_type_revenue","l10n_tn.l10n_tn_pcg_chart_template",,"False"
"pcg_721000","Production immobilisée incorporelles","721000","account.data_account_type_revenue","l10n_tn.l10n_tn_pcg_chart_template",,"False"
"pcg_722000","Production immobilisée corporelles","722000","account.data_account_type_revenue","l10n_tn.l10n_tn_pcg_chart_template",,"False"
"pcg_728000","Production immobilisée liée à une modification comptable à imputer au résultat de l'exercice ou à une activité abandonnée","728000","account.data_account_type_revenue","l10n_tn.l10n_tn_pcg_chart_template",,"False"
"pcg_731000","Redevances pour concessions, brevets, licences, marques, procédés, droits et valeurs similaires","731000","account.data_account_type_revenue","l10n_tn.l10n_tn_pcg_chart_template",,"False"
"pcg_732000","Revenus des immeubles non affectés aux activités professionnelles","732000","account.data_account_type_revenue","l10n_tn.l10n_tn_pcg_chart_template",,"False"
"pcg_733000","Jetons de présence et rémunérations d'administrateurs, gérants","733000","account.data_account_type_revenue","l10n_tn.l10n_tn_pcg_chart_template",,"False"
"pcg_734000","Ristournes perçues des coopératives (provenant des excédents)","734000","account.data_account_type_revenue","l10n_tn.l10n_tn_pcg_chart_template",,"False"
"pcg_735000","Quotes-parts de résultat sur opérations faites en commun","735000","account.data_account_type_revenue","l10n_tn.l10n_tn_pcg_chart_template",,"False"
"pcg_736000","Produits nets sur cessions d'immobilisations et autres gains sur éléments non récurrents ou exceptionnels","736000","account.data_account_type_revenue","l10n_tn.l10n_tn_pcg_chart_template",,"False"
"pcg_738000","Produits divers ordinaires liés à une modification comptable à imputer au résultat de l'exercice ou à une activité abandonnée","738000","account.data_account_type_revenue","l10n_tn.l10n_tn_pcg_chart_template",,"False"
"pcg_739000","Quotes-parts des subventions d'investissement inscrites au résultat de l'exercice","739000","account.data_account_type_revenue","l10n_tn.l10n_tn_pcg_chart_template",,"False"
"pcg_741000","Subventions d'exploitation","741000","account.data_account_type_revenue","l10n_tn.l10n_tn_pcg_chart_template",,"False"
"pcg_745000","Subventions d'équilibre","745000","account.data_account_type_revenue","l10n_tn.l10n_tn_pcg_chart_template",,"False"
"pcg_748000","Subventions liées à une modification comptable à imputer au résultat de l'exercice ou à une activité abandonnée","748000","account.data_account_type_revenue","l10n_tn.l10n_tn_pcg_chart_template",,"False"
"pcg_751000","Produits de participations","751000","account.data_account_type_revenue","l10n_tn.l10n_tn_pcg_chart_template",,"False"
"pcg_752000","Produits des autres immobilisations financières","752000","account.data_account_type_revenue","l10n_tn.l10n_tn_pcg_chart_template",,"False"
"pcg_753000","Revenus des autres créances","753000","account.data_account_type_revenue","l10n_tn.l10n_tn_pcg_chart_template",,"False"
"pcg_754000","Revenus des valeurs mobilières de placement","754000","account.data_account_type_revenue","l10n_tn.l10n_tn_pcg_chart_template",,"False"
"pcg_755000","Escomptes obtenus","755000","account.data_account_type_revenue","l10n_tn.l10n_tn_pcg_chart_template",,"False"
"pcg_756000","Gains de change","756000","account.data_account_type_revenue","l10n_tn.l10n_tn_pcg_chart_template",,"False"
"pcg_757000","Produits nets sur cessions de valeurs mobilières","757000","account.data_account_type_revenue","l10n_tn.l10n_tn_pcg_chart_template",,"False"
"pcg_758000","Produits financiers liés à une modification comptable à imputer au résultat de l'exercice ou à une activité abandonnée","758000","account.data_account_type_revenue","l10n_tn.l10n_tn_pcg_chart_template",,"False"
"pcg_770000","Gains extraordinaires","770000","account.data_account_type_revenue","l10n_tn.l10n_tn_pcg_chart_template",,"False"
"pcg_781110","Reprises sur amortissements des immobilisations incorporelles","781110","account.data_account_type_revenue","l10n_tn.l10n_tn_pcg_chart_template",,"False"
"pcg_781120","Reprises sur amortissements des immobilisations corporelles","781120","account.data_account_type_revenue","l10n_tn.l10n_tn_pcg_chart_template",,"False"
"pcg_781500","Reprises sur provisions pour risques et charges d'exploitation","781500","account.data_account_type_revenue","l10n_tn.l10n_tn_pcg_chart_template",,"False"
"pcg_781610","Reprises sur provisions pour dépréciation des immobilisations incorporelles","781610","account.data_account_type_revenue","l10n_tn.l10n_tn_pcg_chart_template",,"False"
"pcg_781620","Reprises sur provisions pour dépréciation des immobilisations corporelles","781620","account.data_account_type_revenue","l10n_tn.l10n_tn_pcg_chart_template",,"False"
"pcg_781730","Reprises sur provisions pour dépréciation des actifs courants: Stocks et en-cours","781730","account.data_account_type_revenue","l10n_tn.l10n_tn_pcg_chart_template",,"False"
"pcg_781740","Reprises sur provisions pour dépréciation des actifs courants: Créances","781740","account.data_account_type_revenue","l10n_tn.l10n_tn_pcg_chart_template",,"False"
"pcg_781800","Reprises sur provisions liées à une modification comptable inscrite aux résultats ou à une activité abandonnée","781800","account.data_account_type_revenue","l10n_tn.l10n_tn_pcg_chart_template",,"False"
"pcg_786500","Reprises sur provisions pour risque et charges financières","786500","account.data_account_type_revenue","l10n_tn.l10n_tn_pcg_chart_template",,"False"
"pcg_786600","Reprises sur provisions pour dépréciation des éléments financiers","786600","account.data_account_type_revenue","l10n_tn.l10n_tn_pcg_chart_template",,"False"
"pcg_786800","Reprises sur provisions (à inscrire dans les produits financiers) liées à une modification comptable inscrite aux résultats de ou à une activité abandonnée","786800","account.data_account_type_revenue","l10n_tn.l10n_tn_pcg_chart_template",,"False"
"pcg_790000","Transferts de charges (A ventiler en fonction des comptes où ont été imputées les charges à transférer)","790000","account.data_account_type_revenue","l10n_tn.l10n_tn_pcg_chart_template",,"False"